source,title,description,category,severity,country,city,lat,lng,date,image_url,source_url,fetched_at
traffy,ไฟฟ้า,ไฟส่องสว่างตรงซอยทางเดินเส้นนี้ หลอดเก่ามากแล้ว ไม่มีความสว่างแล้ว บางโคมของเสาบางต้นโคมก็เสียไม่ติด,ไฟฟ้า,low,Thailand,จอมทอง,13.70336,100.46408,2026-05-08 10:15:12,https://storage.googleapis.com/traffy_public_bucket/attachment/2026-05/4e1b1d98c23bb3ac5c70f850a5dc33cb.jpg,https://traffy.in.th/ticket/2026-46NFYL,2026-05-08 03:16:33
traffy,ต้นไม้,ปัญหา: ภายในซอยแยกดังกล่าว พบต้นไม้เลื้อยพาดเกี่ยวกับเสาไฟฟ้า ซึ่งเมื่อเกิดฝนตกและลมกระโชกแรง มักเกิ,ต้นไม้,low,Thailand,วังทองหลาง,13.77467,100.62321,2026-05-08 10:14:15,https://storage.googleapis.com/traffy_public_bucket/attachment/2026-05/29c5ba1d42843f67f1361d0a98799ec2.jpg,https://traffy.in.th/ticket/EWT346,2026-05-08 03:16:33
traffy,น้ำท่วม,ดำเนินการลอกท่อระบายน้ำ 2 ข้างในซอยถนนพระราม2 ซอย43 แยก14 ( หมู่บ้านสินทวี แยก 14) ... หากฝนตกจะระบา,น้ำท่วม,low,Thailand,จอมทอง,13.66846,100.45682,2026-05-08 10:12:56,https://storage.googleapis.com/traffy_public_bucket/attachment/2026-05/eb2e313d289bc67de254fc15a02872b9.jpg,https://traffy.in.th/ticket/2026-J2CF7P,2026-05-08 03:16:33
traffy,ทางเท้า,ป้ายห้ามจอดก็มีแปะอยู่ แต่พวกรถมอไซค์ก็ยังจะมาเบียดเบียนทางเท้าเพื่อจอดรถ สรุปทางเท้ามีไว้ให้คนเดิน ,ทางเท้า,low,Thailand,จตุจักร,13.81142,100.5567,2026-05-08 10:12:07,https://storage.googleapis.com/traffy_public_bucket/attachment/2026-05/1565fc728f78ffdb9c2da4cb14ac6418.jpg,https://traffy.in.th/ticket/2026-JRDU7H,2026-05-08 03:16:33
traffy,อุปกรณ์ชำรุด,มีการเจาะพื้นเพื่อทำอะไรซักอย่าง แต่หลังจากนั้นไม่ได้มีการเก็บงานให้เรียบร้อย,อุปกรณ์ชำรุด,low,Thailand,สาทร,13.71545,100.52859,2026-05-08 10:11:15,https://storage.googleapis.com/traffy_public_bucket/attachment/2026-05/5ad4f79cf685f6ada3f5cdc1d6c0e708.jpg,https://traffy.in.th/ticket/2026-X22DE2,2026-05-08 03:16:33
traffy,น้ำท่วม,ท่อระบายน้ำ ในบ้าน ที่ต่อลงท่อระบายน้ำสาธารณะของบ้านตัน ทำให้น้ำนองในบ้านตลอด อยากให้ช่วยตรวจสอบการต,น้ำท่วม,low,Thailand,บางกอกน้อย,13.75761,100.46124,2026-05-08 10:10:41,https://storage.googleapis.com/traffy_public_bucket/attachment/2026-05/5fcaf9c2b32d0120247bd09bb2842514.jpg,https://traffy.in.th/ticket/2026-3X6LLZ,2026-05-08 03:16:33
traffy,ผิดกฎจราจร,บริเวณหน้าแยกไฟฉายมีการตั้งกรวยจองพื้นที่จอดรถขอให้เจ้าหน้าที่เข้าตรวจสอบจุดนี้ด้วยครับพบเห็นมาประมา,ผิดกฎจราจร,low,Thailand,บางกอกน้อย,13.75541,100.4692,2026-05-08 10:05:26,https://storage.googleapis.com/traffy_public_bucket/attachment/2026-05/aef507914a18f4c3a658d38a686aee92.jpg,https://traffy.in.th/ticket/2026-B77L8K,2026-05-08 03:16:33
traffy,ถนน,แจ้งปัญหาท่อระบายน้ำทิ้งตัน อันเนื่องมาจากการทำถนนและวางท่อระบายน้ำใหม่ ภายในซอยเคหะร่มเกล้า 24 จุดท,ถนน,low,Thailand,ลาดกระบัง,13.7678,100.72948,2026-05-08 10:05:21,https://storage.googleapis.com/traffy_public_bucket/attachment/2026-05/a8781774df1eea6586307fc41cfbe6ad.jpg,https://traffy.in.th/ticket/2026-M23639,2026-05-08 03:16:33
traffy,ไฟฟ้า,บริเวณถนนพระราม 3 ตรงข้ามกับบริษัทสหวิริยาพาณิชย์คอร์ปอเรชั่นก่อนถึงทางเข้าวัดช่องลมจะมีตู้บรรจุอุปก,ไฟฟ้า,low,Thailand,ยานนาวา,13.70327,100.54562,2026-05-08 10:04:58,https://storage.googleapis.com/traffy_public_bucket/attachment/2026-05/d8164b6ea650c5f85f7276cb8d305b70.jpg,https://traffy.in.th/ticket/2026-AT3ERK,2026-05-08 03:16:33
traffy,ต้นไม้,ต้นไม้สูง ฝนตก ลมแรง จะล่มใส่บ้านครับ,ต้นไม้,low,Thailand,มีนบุรี,13.84147,100.79381,2026-05-08 10:04:03,https://storage.googleapis.com/traffy_public_bucket/attachment/2026-05/30dc466336db7af3bd0800a902d06a60.jpg,https://traffy.in.th/ticket/2026-MYRZ8K,2026-05-08 03:16:33
traffy,อุปกรณ์ชำรุด,เมื่อ 2วันก่อนมีพายุฝน ลมแรงทำให้ป้ายห้ามจอดเอนล้มลง เกรงว่าจะหล่นใส่รถที่สัญจรไปมา ช่วยให้จนท.มาจัด,อุปกรณ์ชำรุด,low,Thailand,วังทองหลาง,13.7641,100.60152,2026-05-08 10:01:28,https://storage.googleapis.com/traffy_public_bucket/attachment/2026-05/29f4540c36f08ee8f2c7e4c205e31893.jpg,https://traffy.in.th/ticket/2026-TDNFEP,2026-05-08 03:16:33
traffy,หาบเร่แผงลอย,เรื่องคนขายพวงมาลัยบริเวณสี่แยกสาทรนราธิวาส รบกวนเจ้าหน้าที่ปฏิบัติหน้าที่ของตัวเองด้วยนะครับ,หาบเร่แผงลอย,low,Thailand,สาทร,13.722,100.53127,2026-05-08 10:00:50,https://storage.googleapis.com/traffy_public_bucket/attachment/2026-05/ea93834cc57c53cca0f0755c533eb6b9.jpg,https://traffy.in.th/ticket/2026-NBRYYA,2026-05-08 03:16:33
traffy,ผิดกฎจราจร,ปัญหา: บริเวณหน้าบริษัท TQM พบผู้ค้ารถพ่วงข้างไอศกรีมไผ่ทองจอดกีดขวางทางเข้า-ออก เวลาประมาณ 11.00 น.,ผิดกฎจราจร,low,Thailand,ลาดพร้าว,13.83793,100.59378,2026-05-08 10:00:32,https://storage.googleapis.com/traffy_public_bucket/attachment/2026-05/9c45ee177ae106137753e46332d2e384.jpg,https://traffy.in.th/ticket/AKYNLC,2026-05-08 03:16:33
traffy,อื่นๆ,ศูนย์เรื่องราวร้องทุกข์ ได้รับการประสานผ่านระบบการจัดการเรื่องราวร้องทุกข์ สำนักงานปลัดสำนักนายกรัฐม,อื่นๆ,low,Thailand,ประเวศ,13.72136,100.69781,2026-05-08 09:58:20,https://storage.googleapis.com/traffy_public_bucket/attachment/2026-05/4a169d521a5eeae8747de70ae120655c.png,https://traffy.in.th/ticket/2026-GJAGBM,2026-05-08 03:16:33
traffy,ถนน,ทำถนนแยกในซอยจุดนี้เป็นหลุมและเปียกแฉะ รถวิ่งบ่อยหลุมลึกขึ้นเรื่อยๆ ระหว่างรอทำถนนเสร็จ ขอให้ช่วยเอา,ถนน,low,Thailand,ลาดพร้าว,13.84272,100.62374,2026-05-08 09:58:19,https://storage.googleapis.com/traffy_public_bucket/attachment/2026-05/a221153b879964221dc564ca09a5a29a.jpg,https://traffy.in.th/ticket/2026-7W8RAD,2026-05-08 03:16:33
traffy,ทางเท้า,ทำทางเท้าที่เพิ่งปรับปรุงทำใหม่ หน้าเซ็นทรัลพระราม 3 คนเดินเยอะ เด็กนักเรียน คนสูงอายุ แต่พื้นกลับต่,ทางเท้า,low,Thailand,ยานนาวา,13.69687,100.53663,2026-05-08 09:57:54,https://storage.googleapis.com/traffy_public_bucket/attachment/2026-05/6d8804ea311b8f2c14f1efeba11246b8.jpg,https://traffy.in.th/ticket/2026-HG6XYL,2026-05-08 03:16:33
traffy,อุปกรณ์ชำรุด,รั้วกั้นเกาะกลางพัง,อุปกรณ์ชำรุด,low,Thailand,บางบอน,13.67377,100.42571,2026-05-08 09:56:10,https://storage.googleapis.com/traffy_public_bucket/attachment/2026-05/d4c377856961a56bec25551a28cc547a.jpg,https://traffy.in.th/ticket/2026-F6GWYB,2026-05-08 03:16:33
traffy,ผิดกฎจราจร,ยังมาจอดอยู่เกือบทุกวันเหมือนเดิม ต้องรอให้เกิดอุบัติเหตุแล้วมีคนเสียชีวิตก่อนถึงจะแก้ไขปัญหาได้ใช่ไ,ผิดกฎจราจร,low,Thailand,ราษฎร์บูรณะ,13.66353,100.4806,2026-05-08 09:53:33,https://storage.googleapis.com/traffy_public_bucket/attachment/2026-05/ab4b0b23ed38a4494e83c9318db49c60.jpg,https://traffy.in.th/ticket/2026-BMWHHG,2026-05-08 03:16:33
traffy,"อื่นๆ, ไฟฟ้า",ศูนย์เรื่องราวร้องทุกข์ ได้รับการประสานผ่านระบบการจัดการเรื่องราวร้องทุกข์ สำนักงานปลัดสำนักนายกรัฐม,อื่นๆ,low,Thailand,บางซื่อ,13.80971,100.53744,2026-05-08 09:49:59,https://storage.googleapis.com/traffy_public_bucket/attachment/2026-05/30d7671b272e0bba0d5bb48264440fae.png,https://traffy.in.th/ticket/2026-B87H2V,2026-05-08 03:16:33
traffy,น้ำท่วม,ซอยนี้เวลาฝนตกทั้งกรณีหนักและไม่หนัก น้ำไม่สามารถระบายออกได้อย่างรวดเร็ว ซึ่งใช้เวลาอย่างน้อยสองถึงส,น้ำท่วม,low,Thailand,บางบอน,13.6871,100.43026,2026-05-08 09:49:22,https://storage.googleapis.com/traffy_public_bucket/attachment/2026-05/89ebb13fbd5d6fb600fee2fae2c6bafb.jpg,https://traffy.in.th/ticket/2026-FXYZMN,2026-05-08 03:16:33
traffy,ถนน,ผมการขุดถนนและเอาดินเข้าไปไว้ในที่ดินของตนเอง เป็นคนใหญ่โตในพื้นที่ และกระทำหลายแปลง,ถนน,low,Thailand,ทวีวัฒนา,13.76556,100.34137,2026-05-08 09:48:49,https://storage.googleapis.com/traffy_public_bucket/attachment/2026-05/6d58d189d144884c59c48eb983fc0941.jpg,https://traffy.in.th/ticket/2026-BC6EFL,2026-05-08 03:16:33
traffy,ถนน,"ถนนเข้าบ้านเละมากค่ะ การเดินทางเข้า-ออก ค่อนข้างลำบาก ในพื้นที่ มีทั้งคนท้อง , เด็กเล็ก และผู้ป่วยติ",ถนน,low,Thailand,สะพานสูง,13.75721,100.69436,2026-05-08 09:48:12,https://storage.googleapis.com/traffy_public_bucket/attachment/2026-05/952236c6c85641c167d49c5ff9c65625.jpg,https://traffy.in.th/ticket/2026-C7DPPR,2026-05-08 03:16:33
traffy,ทางเท้า,ร้านนครศรีเครื่องเงินให้ลูกค้าผู้มาติดต่อจอดบนฟุตบาท,ทางเท้า,low,Thailand,ธนบุรี,13.72663,100.49222,2026-05-08 09:46:58,https://storage.googleapis.com/traffy_public_bucket/attachment/2026-05/a0c28b8ccf7afeb981d12a3197acebed.jpg,https://traffy.in.th/ticket/2026-8PVPG3,2026-05-08 03:16:33
traffy,ต้นไม้,ปัญหา: บริเวณหน้าบ้านเลขที่ 40 พบต้นสน จำนวน 3 ต้น เกรงว่าเมื่อเกิดลมแรงอาจทำให้ต้นไม้โค่นล้มใส่บ้าน,ต้นไม้,low,Thailand,มีนบุรี,13.84162,100.79394,2026-05-08 09:46:45,https://storage.googleapis.com/traffy_public_bucket/attachment/2026-05/8d99745acf52d60faa861d64068eafd8.jpg,https://traffy.in.th/ticket/7KJ3EP,2026-05-08 03:16:33
traffy,หาบเร่แผงลอย,กางผ้าใบล้ำพื้นที่สาธารณะ,หาบเร่แผงลอย,low,Thailand,ลาดพร้าว,13.80202,100.59427,2026-05-08 09:41:44,https://storage.googleapis.com/traffy_public_bucket/attachment/2026-05/c74b3c082190d375cb804cc9c6c11378.jpg,https://traffy.in.th/ticket/2026-KT4B7X,2026-05-08 03:16:33
traffy,ถนน,รั้วกั้นเกาะกลางหาย,ถนน,low,Thailand,บางบอน,13.67362,100.42507,2026-05-08 09:40:01,https://storage.googleapis.com/traffy_public_bucket/attachment/2026-05/4fae7681ef2609ffee48995461f2f86b.jpg,https://traffy.in.th/ticket/2026-7C22MV,2026-05-08 03:16:33
traffy,ต้นไม้,มีกิ่งไม้ปิดบังบริเวณป้ายหน้าร้านสาขา 23677 ถนนพระรามที่6ซอย33,ต้นไม้,low,Thailand,พญาไท,13.77731,100.53176,2026-05-08 09:38:38,https://storage.googleapis.com/traffy_public_bucket/attachment/2026-05/a9e78973cb4425bcf393187fd4457456.jpg,https://traffy.in.th/ticket/2026-JW6A8F,2026-05-08 03:16:33
traffy,ถนน,พิ้นผิวถนนขรุขระและมีการทรุดตัว บริเวณทางข้ามรถไฟ ระหว่างถนนกำแพงเพชร 6 และ ถนนวิภาวดีรังสิต (ตรงข้า,ถนน,low,Thailand,ดอนเมือง,13.93286,100.60806,2026-05-08 09:38:13,https://storage.googleapis.com/traffy_public_bucket/attachment/2026-05/d1b5391e1cec74e43c297d63ed3c445e.jpg,https://traffy.in.th/ticket/2026-G8Z7TU,2026-05-08 03:16:33
traffy,ถนน,ปากทางเข้าบ้านมีการวางท่อระบายน้ำแล้วดินทรุดเป็นหลุมเป็นบ่ออยากให้ผู้ที่เกี่ยวข้องมาแก้ไขให้หน่อยครั,ถนน,low,Thailand,หนองจอก,13.8594,100.85487,2026-05-08 09:37:09,https://storage.googleapis.com/traffy_public_bucket/attachment/2026-05/89c63f2a058d57bf83b990bf06cb5f3b.jpg,https://traffy.in.th/ticket/2026-GCPFZ4,2026-05-08 03:16:33
traffy,ต้นไม้,"ต้นไม้ใหญ่ล้ำออกนอกถนนสาธารณะและพาดสายไฟและสายสื่อสาร 
ต้นไม้บนทางเท้ากีดขวางทางเดิน ไม่สามารถใช้บาท",ต้นไม้,low,Thailand,ลาดพร้าว,13.82457,100.60623,2026-05-08 09:35:54,https://storage.googleapis.com/traffy_public_bucket/attachment/2026-05/70fce30ed13a2a74c04ae01972ec6042.jpg,https://traffy.in.th/ticket/2026-CBE3JR,2026-05-08 03:16:33
traffy,ผิดกฎจราจร,แยกอ่อนนุชขาเข้าก่อนขึ้นสะพานพระโขนง วินมอไซค์สวนหลวงปาดจากเลนส์ซ้ายตัดหน้ารถเลนส์ขวาเพื่อจะเลี้ยวขว,ผิดกฎจราจร,low,Thailand,คลองเตย,13.70871,100.59943,2026-05-08 09:35:49,https://storage.googleapis.com/traffy_public_bucket/attachment/2026-05/2855ccf645be300fdec0fb9194c8f9bf.jpg,https://traffy.in.th/ticket/2026-WMBRKE,2026-05-08 03:16:33
traffy,ความสะอาด,คือมีบ้านหลังหนึ่งอยู่กลางซอยของหมู่บ้านซอย2แยก2 วางขยะอยู่บนถนนเต็มถนนที่หน้าบ้านตัวเอง ทางเขตดอนเม,ความสะอาด,low,Thailand,ดอนเมือง,13.92958,100.59175,2026-05-08 09:35:24,https://storage.googleapis.com/traffy_public_bucket/attachment/2026-05/9e660af92e96c33eba3c3e8f47acd908.jpg,https://traffy.in.th/ticket/2026-9CPPTT,2026-05-08 03:16:33
traffy,ผิดกฎจราจร,ขี่รถจักรยานยนต์บนทางเท้า,ผิดกฎจราจร,low,Thailand,คลองเตย,13.72719,100.57436,2026-05-08 09:34:44,https://storage.googleapis.com/traffy_public_bucket/attachment/2026-05/080e80a68f5a3389b9a8e24ab32947ec.jpg,https://traffy.in.th/ticket/2026-DVWNM4,2026-05-08 03:16:33
traffy,ผิดกฎจราจร,บริเวณนี้มีรถยนต์มาจอดกีดขวางการจราจรตลอดเวลา ทำให้เสียถนน1เลน บางทีจอดซ้อนกัน2เลน ทำให้เหลือช่องทาง,ผิดกฎจราจร,low,Thailand,คลองสาน,13.71776,100.50777,2026-05-08 09:33:41,https://storage.googleapis.com/traffy_public_bucket/attachment/2026-05/9865842865b63afda97565471512beb3.jpg,https://traffy.in.th/ticket/2026-FE67R3,2026-05-08 03:16:33
traffy,ไฟฟ้า,หลอดไฟฟ้าดับ5ดวง,ไฟฟ้า,low,Thailand,ประเวศ,13.68462,100.64869,2026-05-08 09:29:11,https://storage.googleapis.com/traffy_public_bucket/attachment/2026-05/43881fb33124bce5bd70569e0f059e1a.jpg,https://traffy.in.th/ticket/2026-6PL37R,2026-05-08 03:16:33
traffy,ผิดกฎจราจร,นื่องจากบริเวณทางเข้า–ออกคอนโดมิเนียม ปัจจุบันไม่มีการตีเส้นจราจรขาว-แดงบริเวณขอบทาง ซึ่งก่อนหน้านี้,ผิดกฎจราจร,low,Thailand,ดุสิต,13.77717,100.52702,2026-05-08 09:28:41,https://storage.googleapis.com/traffy_public_bucket/attachment/2026-05/795a0eefb2b700e7609908cc2499d24a.jpg,https://traffy.in.th/ticket/2026-3UUEAT,2026-05-08 03:16:33
traffy,ไฟฟ้า,ไม่แสดงรายละเอียด,ไฟฟ้า,low,Thailand,ประเวศ,13.68506,100.65412,2026-05-08 09:26:05,https://storage.googleapis.com/traffy_public_bucket/TeamChadChart/fondue_photo.png,https://traffy.in.th/ticket/2026-W434AM,2026-05-08 03:16:33
traffy,ทางเท้า,วางขายของบนทางเท้า,ทางเท้า,low,Thailand,บางคอแหลม,13.69499,100.49468,2026-05-08 09:22:10,https://storage.googleapis.com/traffy_public_bucket/attachment/2026-05/ba8e9cd2930d7d26becbe4da025f0373.jpg,https://traffy.in.th/ticket/2026-UC4AEF,2026-05-08 03:16:33
traffy,ถนน,เลนรถวิ่งกลายเป็นเลนจอดรถของร้านก๋วยเตี๋ยว เกะกะการจราจร,ถนน,low,Thailand,คลองเตย,13.72845,100.57053,2026-05-08 09:21:33,https://storage.googleapis.com/traffy_public_bucket/attachment/2026-05/14d4bb90110cf5edbacbb57d323da710.jpg,https://traffy.in.th/ticket/2026-KYCJ3M,2026-05-08 03:16:33
traffy,"อื่นๆ, ไฟฟ้า",ศูนย์เรื่องราวร้องทุกข์ ได้รับการประสานผ่านระบบการจัดการเรื่องราวร้องทุกข์ สำนักงานปลัดสำนักนายกรัฐม,อื่นๆ,low,Thailand,สายไหม,13.92126,100.65784,2026-05-08 09:18:32,https://storage.googleapis.com/traffy_public_bucket/attachment/2026-05/1402662a3e01d518251e111e30eec6da.png,https://traffy.in.th/ticket/2026-YPTU2J,2026-05-08 03:16:33
traffy,ผิดกฎจราจร,จอดรถทับทางม้าลาย,ผิดกฎจราจร,low,Thailand,ป้อมปราบศัตรูพ่าย,13.73838,100.51546,2026-05-08 09:14:18,https://storage.googleapis.com/traffy_public_bucket/attachment/2026-05/thumb_6eca8bc35565415cf329912918f95db9.jpg,https://traffy.in.th/ticket/2026-3JN34G,2026-05-08 03:16:33
traffy,ผิดกฎจราจร,ปากซอยศรีนครินทร์24 มีรถมาจอดบนถนนทั้ง2ด้านทำให้เข้าออกลำบาก,ผิดกฎจราจร,low,Thailand,สวนหลวง,13.72106,100.64175,2026-05-08 09:09:13,https://storage.googleapis.com/traffy_public_bucket/attachment/2026-05/55c6d4865d722a9e58ca481ebec8e110.jpg,https://traffy.in.th/ticket/2026-FNWUJL,2026-05-08 03:16:33
traffy,หาบเร่แผงลอย,"มีรถเข็นขายของ มาขายบนฟุตบาท หน้า7/14 สายไหม 84 
จำนวนหลายคัน 

รถมอไซด์มาจอดแวะซื้อ กีดขวางทาง 
บริ",หาบเร่แผงลอย,low,Thailand,สายไหม,13.92133,100.68199,2026-05-08 09:08:38,https://storage.googleapis.com/traffy_public_bucket/attachment/2026-05/d1da9a77aaadd231940f1558ffdfff8b.jpg,https://traffy.in.th/ticket/2026-BJCM4D,2026-05-08 03:16:33
traffy,ไฟฟ้า,ไฟส่องสว่างขัดข้อง ไม่มีแสงไฟในตอนกลางคืน ในขณะที่ดวงอื่นๆใน ซอยรามคำแหง60 แยก3 ยังคงสว่างตามปกติ สั,ไฟฟ้า,low,Thailand,บางกะปิ,13.75905,100.65336,2026-05-08 09:02:25,https://storage.googleapis.com/traffy_public_bucket/attachment/2026-05/95a7015f7a1bb335888a7c4d05ac25b4.jpg,https://traffy.in.th/ticket/2026-WDGMFB,2026-05-08 03:16:33
traffy,ต้นไม้,ต้นไม้จากที่รกร้างเอนมานอกถนน มีความเสี่ยงทับสายไฟฟ้า และสายอินเตอร์เน็ต สร้างความเสียหาย และเป็นอัน,ต้นไม้,low,Thailand,บางเขน,13.88697,100.59816,2026-05-08 09:01:40,https://storage.googleapis.com/traffy_public_bucket/attachment/2026-05/28ae96bebc3a85957cf65862c3d34633.jpg,https://traffy.in.th/ticket/2026-2DF4ZY,2026-05-08 03:16:33
traffy,ต้นไม้,พื้นที่รกร้างไม่ทำประโยชน์มีแต่ต้นกระถินขึ้นจนข้ามมานอกรั้วทำความเดือดร้อนลำคาญบางครั้งมีงูเข้ามาและ,ต้นไม้,low,Thailand,บึงกุ่ม,13.82872,100.64003,2026-05-08 08:58:26,https://storage.googleapis.com/traffy_public_bucket/attachment/2026-05/bbf63daec903db8dbe9b76810ed6cf2f.jpg,https://traffy.in.th/ticket/2026-33TA63,2026-05-08 03:16:33
traffy,ต้นไม้,ปัญหา: ริมถนนดังกล่าว ตั้งแต่หน้าโรงเรียนกงลี้จงซันไปจนถึงสถานี BTS โพธิ์นิมิต พบต้นไม้บนบาทวิถีแผ่ก,ต้นไม้,low,Thailand,ธนบุรี,13.71744,100.48127,2026-05-08 08:57:34,https://storage.googleapis.com/traffy_public_bucket/attachment/2026-05/f4824c3d7ccf1ee7565941c17163a069.jpg,https://traffy.in.th/ticket/7PWGWX,2026-05-08 03:16:33
traffy,หาบเร่แผงลอย,ขายของบนทางเท้า ไม่เคยมีวันไหนที่ไม่มีคนขายเลยค่ะ มีมากกว่า 1 จุดตลอด ไม่ทราบว่าเจ้าหน้าที่ที่เต๊นท์,หาบเร่แผงลอย,low,Thailand,ปทุมวัน,13.74422,100.54045,2026-05-08 08:56:45,https://storage.googleapis.com/traffy_public_bucket/attachment/2026-05/b39318fa18b7284099fe5edc07430c71.jpg,https://traffy.in.th/ticket/2026-DZYKFC,2026-05-08 03:16:33
traffy,ถนน,หลุม บ่อ อันตราย อุบัติเหตุ,ถนน,low,Thailand,ลาดกระบัง,13.73464,100.71653,2026-05-08 08:56:42,https://storage.googleapis.com/traffy_public_bucket/attachment/2026-05/9bf4dc749026b0cff341e918639fc255.jpg,https://traffy.in.th/ticket/2026-YDCUC6,2026-05-08 03:16:33
traffy,ผิดกฎจราจร,รถจอดขวางทางเลี้ยวเข้าออกซอยแบบคันขวาทางซ้ายของรูปตลอด,ผิดกฎจราจร,low,Thailand,สวนหลวง,13.71984,100.61748,2026-05-08 08:56:16,https://storage.googleapis.com/traffy_public_bucket/attachment/2026-05/508c31ead3a571feea8bf5738a450742.jpg,https://traffy.in.th/ticket/2026-HKE2ZB,2026-05-08 03:16:33
traffy,ถนน,เรื่องตีเส้นสีเหลืองจราจรทาวเจ้าห้าง max value ลาดพร้าววังหินค่ะ มีปัญหาเวลารถจะเลี้ยวเข้า.. ติดตรงไ,ถนน,low,Thailand,ลาดพร้าว,13.81763,100.59319,2026-05-08 08:54:48,https://storage.googleapis.com/traffy_public_bucket/attachment/2026-05/fe1246e546a2975027f097ce742e254f.jpg,https://traffy.in.th/ticket/2026-NRKF32,2026-05-08 03:16:33
traffy,ต้นไม้,ที่ว่างรกร้างหน้าหมู่บ้าน จนไม่เห็นหมู่บ้านจากต้นไม้ขึ้นสูง,ต้นไม้,low,Thailand,สะพานสูง,13.75905,100.68899,2026-05-08 08:53:22,https://storage.googleapis.com/traffy_public_bucket/attachment/2026-05/1a994fcf0046c7a7ebfd993d5e754fcb.jpg,https://traffy.in.th/ticket/2026-MBJ26L,2026-05-08 03:16:33
traffy,ผิดกฎจราจร,ถนนหลังสวนตลอดทั้งเส้น มีรถยนต์จอดกีดขวางทางสัญจรจำนวนมาก ไม่ได้รับการแก้ไข,ผิดกฎจราจร,low,Thailand,ปทุมวัน,13.73529,100.54238,2026-05-08 08:47:57,https://storage.googleapis.com/traffy_public_bucket/attachment/2026-05/6680504fdd2b67f06f06a0a13d6f64e2.jpg,https://traffy.in.th/ticket/2026-67YTV6,2026-05-08 03:16:33
traffy,ผิดกฎจราจร,ผมเห็นมีรถกระบะมาจอดรับซ่อมรถมอเตอร์ไซร ตรง3แยกที่จะเลี้ยวไปโรงพยาบาลจุฬาภรณ์ ช่วยมาดูหน่อยนะคับกีดข,ผิดกฎจราจร,low,Thailand,หลักสี่,13.88009,100.57704,2026-05-08 08:45:59,https://storage.googleapis.com/traffy_public_bucket/attachment/2026-05/68bb8ba4f8f5a8c4f999b6323b63031a.jpg,https://traffy.in.th/ticket/2026-9VMAG2,2026-05-08 03:16:33
traffy,ผิดกฎจราจร,ถนนหลังสวนตลอดทั้งเส้น มีรถยนต์จอดกีดขวางทางสัญจรจำนวนมาก ไม่ได้รับการแก้ไข,ผิดกฎจราจร,low,Thailand,ปทุมวัน,13.73761,100.54276,2026-05-08 08:45:40,https://storage.googleapis.com/traffy_public_bucket/attachment/2026-05/9a99c21997e91854a93eb8267a373a38.jpg,https://traffy.in.th/ticket/2026-HDMKKF,2026-05-08 03:16:33
traffy,คนเร่ร่อน,คนจรจัดยึดฟุตบาทถนนมั่วสุมเสพยาเสพติด,คนเร่ร่อน,low,Thailand,สัมพันธวงศ์,13.73924,100.51237,2026-05-08 08:45:09,https://storage.googleapis.com/traffy_public_bucket/attachment/2026-05/958b4fd5bc082bd19dee11255685ef40.jpg,https://traffy.in.th/ticket/2026-Z3UULM,2026-05-08 03:16:33
traffy,ต้นไม้,กิ่งไม้ยื่นเข้าบริเวณอาคาร,ต้นไม้,low,Thailand,ยานนาวา,13.704,100.52951,2026-05-08 08:45:01,https://storage.googleapis.com/traffy_public_bucket/attachment/2026-05/dd80a4f4fee10246979a6ff8a7335163.jpg,https://traffy.in.th/ticket/2026-ENMRHD,2026-05-08 03:16:33
traffy,ผิดกฎจราจร,ถนนหลังสวนตลอดทั้งเส้น มีรถยนต์จอดกีดขวางทางสัญจรจำนวนมาก ไม่ได้รับการแก้ไข,ผิดกฎจราจร,low,Thailand,ปทุมวัน,13.73905,100.54302,2026-05-08 08:44:04,https://storage.googleapis.com/traffy_public_bucket/attachment/2026-05/d9c4bf9b76206854cad91c7cccad1968.jpg,https://traffy.in.th/ticket/2026-WA3M9A,2026-05-08 03:16:33
traffy,ผิดกฎจราจร,ถนนหลังสวนตลอดทั้งเส้น มีรถยนต์จอดกีดขวางทางสัญจรจำนวนมาก ไม่ได้รับการแก้ไข,ผิดกฎจราจร,low,Thailand,ปทุมวัน,13.74056,100.54328,2026-05-08 08:42:31,https://storage.googleapis.com/traffy_public_bucket/attachment/2026-05/15b4757f0ee1dd5dde20a74c34eeaf21.jpg,https://traffy.in.th/ticket/2026-V7AL92,2026-05-08 03:16:33
traffy,ประปา,น้ำจากท่อประปาข้างล่างรั่วซึมขึ้นมาบนผิวถนนทำให้เกิดตะไคร่เวลาเดินจะลื่นต้องทำความสะอาดบ่อยบ่อย,ประปา,low,Thailand,ทุ่งครุ,13.63584,100.51496,2026-05-08 08:41:33,https://storage.googleapis.com/traffy_public_bucket/attachment/2026-05/a4e7cf66f9e1ef7bab3d17ad8fa4a2d4.jpg,https://traffy.in.th/ticket/2026-XDC84C,2026-05-08 03:16:33
traffy,ผิดกฎจราจร,จอดรถกีดขวางทางเดินคนและทางเดินรถ ไม่ใช่ที่จอดรถ,ผิดกฎจราจร,low,Thailand,ธนบุรี,13.73403,100.49487,2026-05-08 08:41:00,https://storage.googleapis.com/traffy_public_bucket/attachment/2026-05/c9c2e2f104e445c46201d6b8cb85f906.jpg,https://traffy.in.th/ticket/2026-WRX764,2026-05-08 03:16:33
traffy,ผิดกฎจราจร,ถนนหลังสวนตลอดทั้งเส้น มีรถยนต์จอดกีดขวางทางสัญจรจำนวนมาก ไม่ได้รับการแก้ไข,ผิดกฎจราจร,low,Thailand,ปทุมวัน,13.74168,100.54347,2026-05-08 08:40:42,https://storage.googleapis.com/traffy_public_bucket/attachment/2026-05/4ad981321abfd6ab726a15ed67063fcc.jpg,https://traffy.in.th/ticket/2026-3EPN26,2026-05-08 03:16:33
traffy,ถนน,ถ.มิตรไมตรี บริเวณ ใกล้ๆ สะพานบึงแตงโม มีการขุดทำท่อประปาใหม่ ทำให้ถนนทางเข้าซ. บ้าน ทรุดตัวลง รถเข้,ถนน,low,Thailand,หนองจอก,13.85679,100.82904,2026-05-08 08:37:35,https://storage.googleapis.com/traffy_public_bucket/attachment/2026-05/2892aca11990afdb36f0cc39aca06680.jpg,https://traffy.in.th/ticket/2026-4LLC34,2026-05-08 03:16:33
traffy,ไฟฟ้า,ปัญหา: ตลอดทั้งซอยแยกดังกล่าว พบดวงไฟฟ้าส่องสว่างทางดับชำรุด พบเห็นมา 3 วันแล้ว ทำให้บริเวณนั้นมืดมา,ไฟฟ้า,low,Thailand,สายไหม,13.91016,100.63206,2026-05-08 08:37:26,https://storage.googleapis.com/traffy_public_bucket/attachment/2026-05/c054ff14467ebdc91099695c421d847f.jpg,https://traffy.in.th/ticket/Y29WP6,2026-05-08 03:16:33
traffy,ผิดกฎจราจร,ถนนหลังสวนตลอดทั้งเส้น มีรถยนต์จอดกีดขวางทางสัญจรจำนวนมาก ไม่ได้รับการแก้ไข,ผิดกฎจราจร,low,Thailand,ปทุมวัน,13.7422,100.54355,2026-05-08 08:37:18,https://storage.googleapis.com/traffy_public_bucket/attachment/2026-05/84232a45ea9b409f45ebfb087bfd6dd2.jpg,https://traffy.in.th/ticket/2026-EC3K9N,2026-05-08 03:16:33
nasa_eonet,Tropical Storm Hagupit,Tropical Storm Hagupit,storm,high,,,7.6,147.5,2026-05-06T00:00:00Z,,https://www.metoc.navy.mil/jtwc/products/wp0526.tcw,2026-05-08 03:16:33
nasa_eonet,"Black Rush Lake RX Prescribed Fire, Swift, Minnesota","Black Rush Lake RX Prescribed Fire, Swift, Minnesota",fire,high,,,45.3272,-95.9166,2026-05-04T11:05:00Z,,https://irwin.doi.gov/observer/incidents/88fea450-6e74-4ef9-9f56-6c704dc8c0e4,2026-05-08 03:16:33
nasa_eonet,"32nd Avenue Wildfire, Rolette, North Dakota","32nd Avenue Wildfire, Rolette, North Dakota",fire,high,,,48.856667,-99.985,2026-05-04T10:38:00Z,,https://irwin.doi.gov/observer/incidents/173682c4-e3ba-4a88-ba04-f45d399bbf0f,2026-05-08 03:16:33
nasa_eonet,"TOWER Wildfire, Kern, California","5 Miles N from BAKERSFIELD, CA",fire,high,,,35.3644444,-118.8036111,2026-05-03T18:27:00Z,,https://irwin.doi.gov/observer/incidents/02fcb0b7-d653-47f7-8e76-364b1912d022,2026-05-08 03:16:33
nasa_eonet,"AFM - Hazen Wildfire, Maricopa, Arizona","1 Miles S from Buckeye, AZ",fire,high,,,33.345111,-112.612123,2026-05-02T22:36:00Z,,https://irwin.doi.gov/observer/incidents/653e5c17-7b51-41fe-9039-732fd66fa38a,2026-05-08 03:16:33
nasa_eonet,"Guide Wildfire, Oglala Lakota, South Dakota","5 Miles N from Loneman, SD",fire,high,,,43.266956,-102.905231,2026-05-02T18:52:00Z,,https://irwin.doi.gov/observer/incidents/6e4f42df-6466-47b0-bcb6-9b37a461256a,2026-05-08 03:16:33
nasa_eonet,"Mio Prairie RX Prescribed Fire, Oscoda, Michigan","Mio Prairie RX Prescribed Fire, Oscoda, Michigan",fire,high,,,44.543833,-84.218833,2026-05-01T14:22:00Z,,https://irwin.doi.gov/observer/incidents/eb340564-be5b-412f-bd5e-e4c1ea60ced7,2026-05-08 03:16:33
nasa_eonet,"rx-82 Prescribed Fire, Burnett, Wisconsin","rx-82 Prescribed Fire, Burnett, Wisconsin",fire,high,,,45.8940373,-92.5961834,2026-05-01T13:29:00Z,,https://irwin.doi.gov/observer/incidents/d2cb5d0c-bb83-4ca3-9629-cb8c70661ea6,2026-05-08 03:16:33
nasa_eonet,"Buzzard Feather Wildfire, Roosevelt, Montana","Buzzard Feather Wildfire, Roosevelt, Montana",fire,high,,,48.52908,-105.55355,2026-04-30T12:53:00Z,,https://irwin.doi.gov/observer/incidents/7c8c6e08-d4be-4ca4-ad5b-1f23ec6373b3,2026-05-08 03:16:33
nasa_eonet,"Downing RX Prescribed Fire, Mahnomen, Minnesota","Downing RX Prescribed Fire, Mahnomen, Minnesota",fire,high,,,47.1572,-95.991,2026-04-30T10:25:00Z,,https://irwin.doi.gov/observer/incidents/5d105883-26fe-4f9d-84ef-2ba39798bfe7,2026-05-08 03:16:33
nasa_eonet,Iceberg A81,Iceberg A81,other,medium,,,-75.66,-27.16,2023-01-27T00:00:00Z,,https://usicecenter.gov/pub/Iceberg_Tabular.csv,2026-05-08 03:16:33
nasa_eonet,"rx-Millville Oak Woodlands SNA South Prescribed Fire, Grant, Wisconsin","rx-Millville Oak Woodlands SNA South Prescribed Fire, Grant, Wisconsin",fire,high,,,43.039137,-90.929398,2026-04-29T12:13:00Z,,https://irwin.doi.gov/observer/incidents/b7ddf397-5498-4cc6-a149-4025df6250dd,2026-05-08 03:16:33
nasa_eonet,"Ogden Bay RX Prescribed Fire, Weber, Utah","Ogden Bay RX Prescribed Fire, Weber, Utah",fire,high,,,41.204062,-112.16423,2026-04-29T09:51:00Z,,https://irwin.doi.gov/observer/incidents/bba3b43d-3d80-4352-8eab-82bee0264614,2026-05-08 03:16:33
nasa_eonet,"Rx Parker 3877 Prescribed Fire, Parker, Texas","Rx Parker 3877 Prescribed Fire, Parker, Texas",fire,high,,,32.85722222,-98.04277778,2026-04-29T09:10:00Z,,https://irwin.doi.gov/observer/incidents/e1d74cce-a01c-495c-bc7c-88480c4babd2,2026-05-08 03:16:33
nasa_eonet,"Sparks Wildfire, Quay, New Mexico","20 Miles SW from TUCUMCARI, NM",fire,high,,,34.846208,-104.055975,2026-04-28T20:06:00Z,,https://irwin.doi.gov/observer/incidents/92a5fa4c-e9ae-4372-9e1b-2f7732b1c785,2026-05-08 03:16:33
nasa_eonet,"SHADY GROVE Wildfire, Russell, Alabama","13 Miles W from HATCHECHUBBEE, AL",fire,high,,,32.2958333,-85.3177778,2026-04-28T17:35:00Z,,https://irwin.doi.gov/observer/incidents/91d433f7-b2e5-41db-9e27-f15733e84abe,2026-05-08 03:16:33
nasa_eonet,"HWY 41 Wildfire, Miami-Dade, Florida","6 Miles W from Miami, FL",fire,high,,,25.7609,-80.55105,2026-04-27T18:50:00Z,,https://irwin.doi.gov/observer/incidents/23403af4-c827-4f95-a8e5-6d92ae5bbd4e,2026-05-08 03:16:33
nasa_eonet,"Tucker Wildfire, Hooker, Nebraska","Tucker Wildfire, Hooker, Nebraska",fire,high,,,41.8008,-101.2498,2026-04-26T15:43:00Z,,https://irwin.doi.gov/observer/incidents/275d0bba-4a8f-49c1-abee-e1144049a864,2026-05-08 03:16:33
nasa_eonet,"Tyndall 469 &amp; 143 RX Prescribed Fire, Mason, Michigan","Tyndall 469 &amp; 143 RX Prescribed Fire, Mason, Michigan",fire,high,,,44.11771,-86.048555,2026-04-26T08:16:00Z,,https://irwin.doi.gov/observer/incidents/fedb11e4-62fc-4b12-bd5d-76ef132016a1,2026-05-08 03:16:33
nasa_eonet,"Yellow Bank East RX Prescribed Fire, Lac qui Parle, Minnesota","Yellow Bank East RX Prescribed Fire, Lac qui Parle, Minnesota",fire,high,,,45.226197,-96.339308,2026-04-25T08:56:00Z,,https://irwin.doi.gov/observer/incidents/bc3b25e1-0812-447e-83f4-ba3098b7fc7d,2026-05-08 03:16:33
nasa_eonet,"Poitrey Canyon Wildfire, Las Animas, Colorado","6 Miles W from Villegreen, CO",fire,high,,,37.317111,-103.6385,2026-04-24T18:29:00Z,,https://irwin.doi.gov/observer/incidents/d4d324cc-6208-4ef4-a24c-1fcd8ff79664,2026-05-08 03:16:33
nasa_eonet,"Thomas Ranch Fire Wildfire, Sully, South Dakota","8 Miles N from Harrold, SD",fire,high,,,44.65,-99.7361111,2026-04-24T16:23:00Z,,https://irwin.doi.gov/observer/incidents/77139d6f-95f2-491f-9f5b-e31b5bb6bfa0,2026-05-08 03:16:33
nasa_eonet,"rx-Kimberly Clark NW Prescribed Fire, Price, Wisconsin","rx-Kimberly Clark NW Prescribed Fire, Price, Wisconsin",fire,high,,,45.7851589,-90.6275479,2026-04-24T10:53:00Z,,https://irwin.doi.gov/observer/incidents/1aaa512e-0a5e-4a95-953d-66456f117428,2026-05-08 03:16:33
nasa_eonet,"RX Blanchard 1 Prescribed Fire, Stone, Arkansas","RX Blanchard 1 Prescribed Fire, Stone, Arkansas",fire,high,,,35.966217,-92.19055,2026-04-24T09:32:00Z,,https://irwin.doi.gov/observer/incidents/12cf24be-df1d-400a-b0aa-dc353d7fcf28,2026-05-08 03:16:33
nasa_eonet,Iceberg D33B,Iceberg D33B,other,medium,,,-69.64,18.3,2023-09-08T00:00:00Z,,https://usicecenter.gov/pub/Iceberg_Tabular.csv,2026-05-08 03:16:33
nasa_eonet,Iceberg A85,Iceberg A85,other,medium,,,-77.51,-48.54,2025-02-21T00:00:00Z,,https://usicecenter.gov/pub/Iceberg_Tabular.csv,2026-05-08 03:16:33
nasa_eonet,Iceberg D15C,Iceberg D15C,other,medium,,,-66.84,81.05,2026-02-13T00:00:00Z,,https://usicecenter.gov/pub/Iceberg_Tabular.csv,2026-05-08 03:16:33
nasa_eonet,"rx-66 Prescribed Fire, Burnett, Wisconsin","rx-66 Prescribed Fire, Burnett, Wisconsin",fire,high,,,45.8508587,-92.6535178,2026-04-23T14:23:00Z,,https://irwin.doi.gov/observer/incidents/58be4c5c-51cd-4eed-b8c7-795a983a2f92,2026-05-08 03:16:33
nasa_eonet,"Bauman Wildfire, Jackson, South Dakota","Bauman Wildfire, Jackson, South Dakota",fire,high,,,43.631,-101.3950833,2026-04-23T12:13:00Z,,https://irwin.doi.gov/observer/incidents/174bf2a2-2640-4a6d-8ce9-617b06722f3a,2026-05-08 03:16:33
nasa_eonet,"Baldwin Fuels 6 RX Prescribed Fire, Lake, Michigan","Baldwin Fuels 6 RX Prescribed Fire, Lake, Michigan",fire,high,,,43.88275,-85.896883,2026-04-23T11:03:00Z,,https://irwin.doi.gov/observer/incidents/20ef7ca5-f292-4380-a1b0-60de11bc0e27,2026-05-08 03:16:33
nasa_eonet,"FB 17 Wildfire, Todd, South Dakota","7 Miles NW from St. Francis, SD",fire,high,,,43.18306,-101.03325,2026-04-23T10:40:00Z,,https://irwin.doi.gov/observer/incidents/13da4635-e1f7-4973-9ce5-d9d032108126,2026-05-08 03:16:33
nasa_eonet,"Peterson Wildfire, Holt, Nebraska","Peterson Wildfire, Holt, Nebraska",fire,high,,,42.12483,-99.04273,2026-04-23T09:06:00Z,,https://irwin.doi.gov/observer/incidents/d7d9e922-c1c9-4b70-8115-91f454eba1f7,2026-05-08 03:16:33
nasa_eonet,"Andrews Wildfire, Cherry, Nebraska","Andrews Wildfire, Cherry, Nebraska",fire,high,,,42.763583,-101.004,2026-04-22T21:43:00Z,,https://irwin.doi.gov/observer/incidents/9d66108d-c1b4-4a28-90e4-da9ffec90b34,2026-05-08 03:16:33
nasa_eonet,"Hammer Wildfire, El Paso, Colorado","10 Miles SE from Fountain, CO",fire,high,,,38.67,-104.61,2026-04-22T21:07:00Z,,https://irwin.doi.gov/observer/incidents/da2ba63f-024d-4596-aced-b434ad067b6f,2026-05-08 03:16:33
nasa_eonet,"Taber Rec Wildfire, Bon Homme, South Dakota","10 Miles S from Taber, SD",fire,high,,,42.862657,-97.647004,2026-04-22T20:05:00Z,,https://irwin.doi.gov/observer/incidents/27f08278-cfd2-4404-b308-dc1946dc2b7f,2026-05-08 03:16:33
nasa_eonet,"Pressey Wildfire, Cherry, Nebraska","4 Miles NE from Oconto, NE",fire,high,,,42.246685,-101.029476,2026-04-22T17:15:00Z,,https://irwin.doi.gov/observer/incidents/3ea9c9f6-9ab8-40c4-b8ac-a1401caa8e12,2026-05-08 03:16:33
nasa_eonet,"Lone Pine Wildfire, Becker, Minnesota","Lone Pine Wildfire, Becker, Minnesota",fire,high,,,47.020535,-95.912189,2026-04-22T13:40:00Z,,https://irwin.doi.gov/observer/incidents/0fddd5f5-f3a9-41eb-a90b-d9cf0815dee0,2026-05-08 03:16:33
nasa_eonet,"Wells Rd Unit 1 RX Prescribed Fire, Iosco, Michigan","Wells Rd Unit 1 RX Prescribed Fire, Iosco, Michigan",fire,high,,,44.425,-83.483333,2026-04-22T08:34:00Z,,https://irwin.doi.gov/observer/incidents/db17dcdc-2a73-42e4-a678-dd4d3906b21e,2026-05-08 03:16:33
nasa_eonet,"COW CREEK Wildfire, Levy, Florida","11 Miles S from BRONSON, FL",fire,high,,,29.2822222,-82.6311111,2026-04-21T23:15:00Z,,https://irwin.doi.gov/observer/incidents/948e45d6-5b16-43f8-97c7-2302196b2a7c,2026-05-08 03:16:33
nasa_eonet,"rx-73 Prescribed Fire, Burnett, Wisconsin","rx-73 Prescribed Fire, Burnett, Wisconsin",fire,high,,,45.8694852,-92.645347,2026-04-21T17:12:00Z,,https://irwin.doi.gov/observer/incidents/97322628-5aa3-4483-910d-4c25cd70f6f3,2026-05-08 03:16:33
nasa_eonet,"MM-45- Broward (06) Wildfire, Broward, Florida","27 Miles N from HOMESTEAD, FL",fire,high,,,26.3002778,-80.5,2026-04-21T16:28:00Z,,https://irwin.doi.gov/observer/incidents/e661b58d-8606-4923-b174-9df22ce58d9b,2026-05-08 03:16:33
nasa_eonet,"Hummingbird Wildfire, Catron, New Mexico","15 Miles E from Glenwood, NM",fire,high,,,33.36595,-108.62195,2026-04-21T14:48:00Z,,https://irwin.doi.gov/observer/incidents/36bd8a5a-bfce-4593-9cb5-93ded1504e67,2026-05-08 03:16:33
nasa_eonet,"Hwy 82 Wildfire, Brantley, Georgia","1 Miles E from Atkinson, GA",fire,high,,,31.2222222,-81.8438889,2026-04-21T12:01:00Z,,https://irwin.doi.gov/observer/incidents/1735c06d-a621-4f37-9cac-86e7aaea0c48,2026-05-08 03:16:33
nasa_eonet,"DeSoto BB 9370 C507 508 509 RX Prescribed Fire, Jackson, Mississippi","DeSoto BB 9370 C507 508 509 RX Prescribed Fire, Jackson, Mississippi",fire,high,,,30.698133,-88.86195,2026-04-21T10:19:00Z,,https://irwin.doi.gov/observer/incidents/fb2f4268-3773-4647-a411-44d9d08f51d1,2026-05-08 03:16:33
nasa_eonet,"RX CALE BU 44-367 Prescribed Fire, Rapides, Louisiana","RX CALE BU 44-367 Prescribed Fire, Rapides, Louisiana",fire,high,,,31.132467,-92.615933,2026-04-21T09:00:00Z,,https://irwin.doi.gov/observer/incidents/93f35056-75ee-4909-91d1-9298c5298579,2026-05-08 03:16:33
nasa_eonet,"East Side Wildfire, Carbon, Montana","5 Miles S from Red Lodge, MT",fire,high,,,45.092167,-109.3142,2026-04-20T15:26:00Z,,https://irwin.doi.gov/observer/incidents/8c865688-a4fe-42bc-846e-6a8680192bcf,2026-05-08 03:16:33
nasa_eonet,"Hansen WPA RX Prescribed Fire, Clay, Nebraska","Hansen WPA RX Prescribed Fire, Clay, Nebraska",fire,high,,,40.452,-97.862,2026-04-20T15:04:00Z,,https://irwin.doi.gov/observer/incidents/62ac67f7-b80f-4703-be0f-30a7661d0592,2026-05-08 03:16:33
nasa_eonet,"Krause RX Prescribed Fire, Fillmore, Nebraska","Krause RX Prescribed Fire, Fillmore, Nebraska",fire,high,,,40.467,-97.792,2026-04-20T15:02:00Z,,https://irwin.doi.gov/observer/incidents/ee2606ac-4ed9-4793-bad7-ee3cac39b3eb,2026-05-08 03:16:33
nasa_eonet,"Burn Unit 17 RX Prescribed Fire, Sherburne, Minnesota","Burn Unit 17 RX Prescribed Fire, Sherburne, Minnesota",fire,high,,,45.525011,-93.683986,2026-04-20T13:16:00Z,,https://irwin.doi.gov/observer/incidents/8f42d6ce-fb6f-4dba-aae4-97094ba0260c,2026-05-08 03:16:33
nasa_eonet,"Peacock 545 and 159 RX Prescribed Fire, Lake, Michigan","Peacock 545 and 159 RX Prescribed Fire, Lake, Michigan",fire,high,,,44.150617,-85.829167,2026-04-20T13:11:00Z,,https://irwin.doi.gov/observer/incidents/e8064bb6-fe21-4b02-978a-583b0e546215,2026-05-08 03:16:33
nasa_eonet,"Crews Rd (10) Wildfire, Clay, Florida","23 Miles NE from Green Cove Springs, FL",fire,high,,,29.8861111,-81.6333333,2026-04-20T10:45:00Z,,https://irwin.doi.gov/observer/incidents/f8e1919c-1492-4a3b-afb8-e14cbf8c95f6,2026-05-08 03:16:33
nasa_eonet,"RAILROAD COMPLEX Wildfire, Putnam, Florida","10 Miles NE from PALATKA, FL",fire,high,,,29.7855556,-81.6330556,2026-04-19T21:13:00Z,,https://irwin.doi.gov/observer/incidents/796628ce-7fec-43ff-bc4d-b39b42a388e8,2026-05-08 03:16:33
nasa_eonet,"RAILROAD COMPLEX Wildfire, Putnam, Florida","10 Miles N from Palatka, FL",fire,high,,,29.7855556,-81.6327778,2026-04-19T19:36:00Z,,https://irwin.doi.gov/observer/incidents/da3d02b0-fefa-4f84-9be7-dc52f5928140,2026-05-08 03:16:33
nasa_eonet,"River Road 16 RX Prescribed Fire, Iosco, Michigan","River Road 16 RX Prescribed Fire, Iosco, Michigan",fire,high,,,44.416667,-83.591667,2026-04-19T15:19:00Z,,https://irwin.doi.gov/observer/incidents/bf3e192e-96cb-49f2-b8a4-3051cad25327,2026-05-08 03:16:33
nasa_eonet,"Barren Plains Units 1 &amp; 3 RX Prescribed Fire, Lake, Michigan","Barren Plains Units 1 &amp; 3 RX Prescribed Fire, Lake, Michigan",fire,high,,,43.849417,-85.80305,2026-04-19T14:53:00Z,,https://irwin.doi.gov/observer/incidents/3ac5852e-ae82-429b-b2e7-7390dde2f853,2026-05-08 03:16:33
nasa_eonet,"Pineland Rd Wildfire, Clinch, Georgia","13 Miles NW from Fargo, GA",fire,high,,,30.7563889,-82.7680556,2026-04-19T10:47:00Z,,https://irwin.doi.gov/observer/incidents/c62c2af2-b5f3-4666-9516-6b9b1305c9f1,2026-05-08 03:16:33
nasa_eonet,"rx-45_041526 Prescribed Fire, Burnett, Wisconsin","rx-45_041526 Prescribed Fire, Burnett, Wisconsin",fire,high,,,45.8375735,-92.6494912,2026-04-19T09:53:00Z,,https://irwin.doi.gov/observer/incidents/8811ee73-c19f-4031-ab1e-6f106a3e180e,2026-05-08 03:16:33
nasa_eonet,"Conner-Nelson Rd (45) Wildfire, Nassau, Florida","16 Miles NW from JACKSONVILLE, FL",fire,high,,,30.6886111,-81.9855556,2026-04-18T14:41:00Z,,https://irwin.doi.gov/observer/incidents/69061ba5-2f46-4e08-b442-d7900fc38ed5,2026-05-08 03:16:33
nasa_eonet,"RX D4 Piquett Creek Prescribed Fire, Ravalli, Montana","RX D4 Piquett Creek Prescribed Fire, Ravalli, Montana",fire,high,,,45.848167,-114.202833,2026-04-17T16:15:00Z,,https://irwin.doi.gov/observer/incidents/67737a34-0734-4379-adb5-2e4c65ec1042,2026-05-08 03:16:33
nasa_eonet,"Holm RX Prescribed Fire, Blaine, Montana","Holm RX Prescribed Fire, Blaine, Montana",fire,high,,,48.81675,-109.41723,2026-04-17T12:12:00Z,,https://irwin.doi.gov/observer/incidents/51db8133-a4e3-463c-9e36-9df8ae408511,2026-05-08 03:16:33
nasa_eonet,"Rx Cherokee 3533 Prescribed Fire, Cherokee, Texas","Rx Cherokee 3533 Prescribed Fire, Cherokee, Texas",fire,high,,,31.56589,-95.10404,2026-04-17T10:51:00Z,,https://irwin.doi.gov/observer/incidents/c155e8ca-4019-40ea-906a-5515292029dd,2026-05-08 03:16:33
nasa_eonet,"RX Trinity 3522 Prescribed Fire, Trinity, Texas","RX Trinity 3522 Prescribed Fire, Trinity, Texas",fire,high,,,31.0137,-95.2677,2026-04-17T10:46:00Z,,https://irwin.doi.gov/observer/incidents/eccdff74-7a3e-4242-b01e-4fa2e626ed0a,2026-05-08 03:16:33
nasa_eonet,"LO GAP Wildfire, Van Buren, Arkansas","LO GAP Wildfire, Van Buren, Arkansas",fire,high,,,35.5865604,-92.62707719,2026-04-17T10:41:00Z,,https://irwin.doi.gov/observer/incidents/267f6c93-74ca-41bc-b2fe-6bd5de4e6191,2026-05-08 03:16:33
nasa_eonet,"Old Orangeburg Wildfire, Hampton, South Carolina","5 Miles SW from Estill, SC",fire,high,,,32.7258333,-81.2741667,2026-04-17T09:27:00Z,,https://irwin.doi.gov/observer/incidents/4e46b265-d0e9-4ecb-9ea0-aa18fa661be5,2026-05-08 03:16:33
nasa_eonet,Iceberg D33A,Iceberg D33A,other,medium,,,-69.38,17.14,2023-09-08T00:00:00Z,,https://usicecenter.gov/pub/Iceberg_Tabular.csv,2026-05-08 03:16:33
nasa_eonet,Iceberg D33C,Iceberg D33C,other,medium,,,-75.52,-20.02,2024-04-19T00:00:00Z,,https://usicecenter.gov/pub/Iceberg_Tabular.csv,2026-05-08 03:16:33
nasa_eonet,Iceberg A83,Iceberg A83,other,medium,,,-75.37,-25.55,2024-05-24T00:00:00Z,,https://earthobservatory.nasa.gov/images/152848/antarctic-ice-shelf-spawns-iceberg-a-83,2026-05-08 03:16:33
nasa_eonet,"RX CALV BU 255-257 Prescribed Fire, Vernon, Louisiana","RX CALV BU 255-257 Prescribed Fire, Vernon, Louisiana",fire,high,,,31.062467,-93.157417,2026-04-16T16:49:00Z,,https://irwin.doi.gov/observer/incidents/ce50c9fe-f65d-4b22-bbfb-48c0c1810b77,2026-05-08 03:16:33
nasa_eonet,"Burn Unit 20 RX Prescribed Fire, Sherburne, Minnesota","Burn Unit 20 RX Prescribed Fire, Sherburne, Minnesota",fire,high,,,45.503583,-93.708514,2026-04-16T09:50:00Z,,https://irwin.doi.gov/observer/incidents/3ec32ca8-5fc8-48c8-abd8-f283369633c9,2026-05-08 03:16:33
nasa_eonet,"Dismal Swamp RX Prescribed Fire, Big Stone, Minnesota","Dismal Swamp RX Prescribed Fire, Big Stone, Minnesota",fire,high,,,45.46325,-96.271767,2026-04-15T09:41:00Z,,https://irwin.doi.gov/observer/incidents/6d653984-f232-4db9-9793-b54e552b4b75,2026-05-08 03:16:33
nasa_eonet,"Homochitto BB 49 East RX Prescribed Fire, Franklin, Mississippi","Homochitto BB 49 East RX Prescribed Fire, Franklin, Mississippi",fire,high,,,31.419,-91.013,2026-04-15T09:14:00Z,,https://irwin.doi.gov/observer/incidents/f76078cc-9ec3-4434-a0c2-b5f906bd9499,2026-05-08 03:16:33
nasa_eonet,"ENCINO 2 Wildfire, Torrance, New Mexico","5 Miles E from ENCINO, NM",fire,high,,,34.643232,-105.416063,2026-04-14T16:34:00Z,,https://irwin.doi.gov/observer/incidents/c86bf330-4361-4598-8d8f-11c6eb3efc83,2026-05-08 03:16:33
nasa_eonet,"Appalachia Wildfire, Polk, Tennessee","8 Miles N from Ducktown, TN",fire,high,,,35.1675,-84.3755,2026-04-14T15:41:00Z,,https://irwin.doi.gov/observer/incidents/4b86c01a-42b9-4688-81ea-6ceeaf46e440,2026-05-08 03:16:33
nasa_eonet,"Woodbury Wildfire, Marion, South Carolina","10 Miles E from Hemingway, SC",fire,high,,,33.7498333,-79.2833333,2026-04-14T15:23:00Z,,https://irwin.doi.gov/observer/incidents/c9a1b818-c5b5-4230-b2fc-2c3ef5b0e136,2026-05-08 03:16:33
nasa_eonet,"Homochitto BB 49 West RX Prescribed Fire, Franklin, Mississippi","Homochitto BB 49 West RX Prescribed Fire, Franklin, Mississippi",fire,high,,,31.419,-91.013,2026-04-14T09:48:00Z,,https://irwin.doi.gov/observer/incidents/40d1e36e-e994-4742-98de-52881ba443a9,2026-05-08 03:16:33
nasa_eonet,"ANF Boykin Springs C-88/89 RX Prescribed Fire, Jasper, Texas","ANF Boykin Springs C-88/89 RX Prescribed Fire, Jasper, Texas",fire,high,,,31.042883,-94.2842,2026-04-14T09:42:00Z,,https://irwin.doi.gov/observer/incidents/5a9d13ab-b9ba-4b0b-ac58-2a2a3e3ca0f4,2026-05-08 03:16:33
nasa_eonet,"Chickasawhay CPT 354 RX Prescribed Fire, Jones, Mississippi","Chickasawhay CPT 354 RX Prescribed Fire, Jones, Mississippi",fire,high,,,31.5603,-88.9888,2026-04-14T09:24:00Z,,https://irwin.doi.gov/observer/incidents/56ccb5c4-1f58-4daa-b5b0-9f2b5c00e07f,2026-05-08 03:16:33
nasa_eonet,"NEWMAN DR Wildfire, Collier, Florida","12 Miles NE from NAPLES, FL",fire,high,,,26.1502778,-81.6330556,2026-04-13T20:18:00Z,,https://irwin.doi.gov/observer/incidents/c2664a2a-3464-4719-ba12-2ab8224829a4,2026-05-08 03:16:33
nasa_eonet,"PDT South-FFR RX Prescribed Fire, Grant, Minnesota","PDT South-FFR RX Prescribed Fire, Grant, Minnesota",fire,high,,,46.012,-95.8944,2026-04-13T16:52:00Z,,https://irwin.doi.gov/observer/incidents/1d6012c3-7f6b-42bc-8a4d-ee267a09668b,2026-05-08 03:16:33
nasa_eonet,"Ciba Road Wildfire, Washington, Alabama","31 Miles E from McIntosh, AL",fire,high,,,31.2669444,-88.0188889,2026-04-13T13:31:00Z,,https://irwin.doi.gov/observer/incidents/6e574609-161c-4cfc-a6cb-807dac01cc60,2026-05-08 03:16:33
nasa_eonet,"Old House Branch Wildfire, Mingo, West Virginia","1 Miles E from Hampden, WV",fire,high,,,37.639725,-81.941859,2026-04-13T11:41:00Z,,https://irwin.doi.gov/observer/incidents/c9afc13e-7dab-4401-aee8-6d0c6504c5bf,2026-05-08 03:16:33
nasa_eonet,"DeSoto BB 9365 C605 C606 RX Prescribed Fire, Stone, Mississippi","DeSoto BB 9365 C605 C606 RX Prescribed Fire, Stone, Mississippi",fire,high,,,30.712778,-89.260833,2026-04-13T10:59:00Z,,https://irwin.doi.gov/observer/incidents/0e6a7a06-16b3-4f52-85c3-fbb29451bedd,2026-05-08 03:16:33
nasa_eonet,"APQ CPT 10 Rx 0413 Prescribed Fire, Highlands, Florida","APQ CPT 10 Rx 0413 Prescribed Fire, Highlands, Florida",fire,high,,,27.630425,-81.158752,2026-04-13T09:16:00Z,,https://irwin.doi.gov/observer/incidents/fc4eb198-f12d-406d-af81-c9ff84ca571d,2026-05-08 03:16:33
nasa_eonet,"rx-Young 1 Prescribed Fire, Jefferson, Wisconsin","rx-Young 1 Prescribed Fire, Jefferson, Wisconsin",fire,high,,,42.8455985,-88.630401,2026-04-13T08:42:00Z,,https://irwin.doi.gov/observer/incidents/43214931-eb9e-4fd1-9dcc-2ebc887a4fb7,2026-05-08 03:16:33
nasa_eonet,"RAFEY Wildfire, Mobile, Alabama","33 Miles N from CITRONELLE, AL",fire,high,,,31.0927778,-88.2997222,2026-04-12T23:30:00Z,,https://irwin.doi.gov/observer/incidents/b3436c7f-e9df-4bdc-b501-5db3d4b2cceb,2026-05-08 03:16:33
nasa_eonet,"Schwachheim Wildfire, Las Animas, Colorado","14 Miles SE from Trinidad, CO",fire,high,,,37.011,-104.3737,2026-04-12T21:48:00Z,,https://irwin.doi.gov/observer/incidents/66cfaace-3c03-4ce7-8df6-4fd6f7a5bb2c,2026-05-08 03:16:33
nasa_eonet,"Smoke Show Wildfire, Perry, Mississippi","Smoke Show Wildfire, Perry, Mississippi",fire,high,,,31.092419,-89.117047,2026-04-12T21:12:00Z,,https://irwin.doi.gov/observer/incidents/e90b358d-2ae6-48b9-af2b-934aad5c9285,2026-05-08 03:16:33
nasa_eonet,"Slate Branch Wildfire, Mingo, West Virginia","1 Miles SW from Lando Mines, WV",fire,high,,,37.704877,-82.163933,2026-04-12T15:59:00Z,,https://irwin.doi.gov/observer/incidents/e86222f1-ac6d-4417-9377-1b4893ab454c,2026-05-08 03:16:33
nasa_eonet,"STE - Alum Wildfire, McCreary, Kentucky","3 Miles W from Whitley City, KY",fire,high,,,36.75897,-84.53148,2026-04-12T09:02:00Z,,https://irwin.doi.gov/observer/incidents/42f677e6-96e2-4ad1-b985-6e109ad92a39,2026-05-08 03:16:33
nasa_eonet,"HWY 351- DIXIE Wildfire, Dixie, Florida","8 Miles SW from CROSS CITY, FL",fire,high,,,29.5366667,-83.2108333,2026-04-11T22:45:00Z,,https://irwin.doi.gov/observer/incidents/2b425189-57e9-4271-a9ad-c0ae71714913,2026-05-08 03:16:33
nasa_eonet,"79 Wildfire, Custer, South Dakota","3 Miles N from Buffalo Gap, SD",fire,high,,,43.687519,-103.249124,2026-04-11T14:40:00Z,,https://irwin.doi.gov/observer/incidents/ecf97dc7-65a9-4a29-b498-46f02b6780d3,2026-05-08 03:16:33
nasa_eonet,"ANF Bullet Creek C-27 RX Prescribed Fire, San Augustine, Texas","ANF Bullet Creek C-27 RX Prescribed Fire, San Augustine, Texas",fire,high,,,31.276467,-94.302133,2026-04-11T08:58:00Z,,https://irwin.doi.gov/observer/incidents/337be860-0fc1-41c5-b329-0b4c97191f19,2026-05-08 03:16:33
nasa_eonet,"APQ CPT 11 Rx 0411 Prescribed Fire, Highlands, Florida","APQ CPT 11 Rx 0411 Prescribed Fire, Highlands, Florida",fire,high,,,27.572409,-81.259689,2026-04-11T08:08:00Z,,https://irwin.doi.gov/observer/incidents/aca7cd58-128a-4791-a973-ef65821b14c5,2026-05-08 03:16:33
nasa_eonet,"Smooth Eddy Wildfire, Hansford, Texas","6 Miles SE from Goodwell, OK",fire,high,,,36.2416667,-101.5497222,2026-04-10T22:49:00Z,,https://irwin.doi.gov/observer/incidents/8d6e378d-f39b-4790-ae5f-4b50daf31531,2026-05-08 03:16:33
nasa_eonet,"Mary 15 Wildfire, Texas, Oklahoma","17 Miles NW from Guymon, OK",fire,high,,,36.8186111,-101.7577778,2026-04-10T22:47:00Z,,https://irwin.doi.gov/observer/incidents/4ca0b192-0e31-4b44-a79d-fe3aae320436,2026-05-08 03:16:33
nasa_eonet,"Lightning Roll Wildfire, Beaver, Oklahoma","14 Miles SW from Beaver, OK",fire,high,,,36.7338889,-100.7680556,2026-04-10T22:46:00Z,,https://irwin.doi.gov/observer/incidents/8398b153-a366-44b3-88e9-685c2ad67690,2026-05-08 03:16:33
nasa_eonet,"Chickasawhay CPT 438 441 RX Prescribed Fire, Wayne, Mississippi","Chickasawhay CPT 438 441 RX Prescribed Fire, Wayne, Mississippi",fire,high,,,31.5038,-88.6813,2026-04-10T09:29:00Z,,https://irwin.doi.gov/observer/incidents/d3bcc163-7a99-4a8e-96df-0283c7f71f60,2026-05-08 03:16:33
nasa_eonet,"Burn Unit 16 RX Prescribed Fire, Sherburne, Minnesota","Burn Unit 16 RX Prescribed Fire, Sherburne, Minnesota",fire,high,,,45.525781,-93.706253,2026-04-10T08:52:00Z,,https://irwin.doi.gov/observer/incidents/e9bd382c-71f9-4f49-8762-06d4b3dda438,2026-05-08 03:16:33
nasa_eonet,"Bienville CPT 43 44 RX Prescribed Fire, Scott, Mississippi","Bienville CPT 43 44 RX Prescribed Fire, Scott, Mississippi",fire,high,,,32.3809,-89.5273,2026-04-10T08:52:00Z,,https://irwin.doi.gov/observer/incidents/9613ad67-1af8-4d5c-a4b2-03a44e8dbaa1,2026-05-08 03:16:33
nasa_eonet,"RX Middle Northfork 4/7 Prescribed Fire, Garland, Arkansas","RX Middle Northfork 4/7 Prescribed Fire, Garland, Arkansas",fire,high,,,34.716667,-93.266667,2026-04-10T08:20:00Z,,https://irwin.doi.gov/observer/incidents/6c6c4646-a7e4-48ae-94e0-bc86dd38ea23,2026-05-08 03:16:33
